Section,Subsection,Question,Response,Scores,Critiques
System Information,System Purpose,"Briefly describe the purpose of the system and system features, focusing on how the system will address the needs of the people who use it. Explain how the AI technology contributes to achieving these objectives.
","The system is designed to streamline project management processes, making it easier for teams to collaborate, track progress, and meet deadlines efficiently. Key features include task assignment, progress tracking, and predictive analytics for project completion times. AI technology is utilized to analyze past project data, helping to predict potential bottlenecks and suggest optimal resource allocation, thereby enhancing decision-making and ensuring projects are completed on time and within budget.
","4, 4, 4, 4","The response clearly states the primary purpose of the system. | Key system features are described effectively, highlighting task assignment, progress tracking, and predictive analytics. | The explanation of how the system meets user needs is well articulated, emphasizing collaboration, progress tracking, and efficient deadline management. | The description of how AI technology enhances system functionality is detailed, focusing on analyzing past project data for predicting bottlenecks and resource allocation."
System Information,System Features,"Focusing on the whole system, briefly describe the system features or high-level feature areas that already exist and those planned for the upcoming release.
","Currently, the system boasts a robust task management module, real-time collaboration tools, and an analytics dashboard that provides insights into project health. For the upcoming release, we plan to introduce an AI-driven risk assessment feature that predicts project risks before they arise, and a resource optimization tool that suggests the best use of team members' time based on their skills and task priorities.
","4, 5, 4","The response effectively lists the existing features of the system, highlighting task management, collaboration tools, and analytics dashboard. | The planned features for the upcoming release are clearly identified, including AI-driven risk assessment and resource optimization tool. | The distinction between existing and planned features is well articulated, providing a clear overview of what is currently available and what is to come."
System Information,System Features,"Briefly describe how this system relates to other systems or products. For example, describe if the system includes models from other systems.
","Our system integrates seamlessly with several popular productivity tools, such as Trello for task management and Slack for communication. Additionally, we leverage AI models from external analytics platforms to enhance our predictive analytics features. This integration allows users to maintain their existing workflows while benefiting from our system's advanced project management capabilities.
","4, 3, 5","The response effectively describes relationships and integrations with other systems, such as Trello and Slack, showcasing a good understanding of the system's connectivity. | While the mention of leveraging AI models from external analytics platforms is good, more specific details about the models or components borrowed could enhance the response. | The explanation of the significance of these relationships and integrations is well articulated, highlighting the benefits for users in maintaining workflows and accessing advanced features."
